USE TicketReservationSystem;
-- Insert data into User Table
INSERT INTO User (UserID, UserType, Email, Phone, Address) VALUES
(101, 'Individual', 'john.doe@example.com', '415-555-1234', '101 Elm St, San Francisco, CA'),
(102, 'Company', 'sales@techcorp.com', '510-555-5678', '200 Silicon Ave, Palo Alto, CA'),
(103, 'Individual', 'jane.smith@example.com', '650-555-8765', '303 Pine St, San Jose, CA'),
(104, 'Company', 'contact@bizsolutions.com', '408-555-2345', '404 Market St, San Francisco, CA'),
(105, 'Individual', 'mike.brown@example.com', '707-555-3456', '505 Cedar Rd, Oakland, CA'),
(106, 'Company', 'info@fintechglobal.com', '925-555-9876', '606 Finance St, Mountain View, CA'),
(107, 'Individual', 'alice.jones@example.com', '831-555-7654', '707 Redwood Dr, Santa Clara, CA'),
(108, 'Company', 'support@ecommercesolutions.com', '415-555-4321', '808 Commerce Ln, Berkeley, CA'),
(109, 'Individual', 'david.lee@example.com', '925-555-8765', '909 Maple St, Fremont, CA'),
(110, 'Company', 'hr@startupx.com', '510-555-7654', '1010 Entrepreneur Blvd, San Mateo, CA'),
(111, 'Individual', 'emma.wilson@example.com', '669-555-1122', '456 Maple St, Sunnyvale, CA'),
(112, 'Company', 'legal@lawassociates.com', '415-555-9911', '323 Justice Rd, San Francisco, CA'),
(113, 'Individual', 'robert.king@example.com', '408-555-7766', '902 Birch Rd, Cupertino, CA'),
(114, 'Company', 'partners@consultgroup.com', '650-555-3344', '678 Business Plaza, Palo Alto, CA'),
(115, 'Individual', 'sophia.chen@example.com', '925-555-6655', '435 Willow Ave, Fremont, CA'),
(116, 'Individual', 'nathan.james@example.com', '510-555-2233', '111 Oak St, Oakland, CA'),
(117, 'Company', 'services@marketingsolutions.com', '408-555-7788', '233 Commerce Rd, San Jose, CA'),
(118, 'Individual', 'olivia.martinez@example.com', '650-555-8899', '989 Laurel Ln, Palo Alto, CA'),
(119, 'Company', 'finance@wealthmgmt.com', '925-555-6677', '101 Financial Ave, Walnut Creek, CA'),
(120, 'Individual', 'ethan.wright@example.com', '415-555-4455', '222 Sycamore Dr, San Mateo, CA'),
(121, 'Company', 'greenenergy@ecopower.com', '650-555-7789', '890 Solar Way, Sunnyvale, CA'),
(122, 'Individual', 'luke.daniels@example.com', '415-555-5567', '678 Bay St, San Francisco, CA'),
(123, 'Individual', 'henry.johnson@example.com', '415-555-7890', '123 Park Ave, New York, NY'),
(124, 'Company', 'admin@globex.com', '510-555-9999', '456 Market St, San Francisco, CA'),
(125, 'Individual', 'elizabeth.clark@example.com', '650-555-3456', '789 Pine St, Los Angeles, CA'),
(126, 'Company', 'info@bizconsulting.com', '408-555-6543', '567 Business Rd, Chicago, IL'),
(127, 'Individual', 'michael.green@example.com', '707-555-1111', '202 Cedar Dr, Houston, TX'),
(128, 'Company', 'sales@itinnovators.com', '925-555-2222', '808 Innovation Way, Seattle, WA'),
(129, 'Individual', 'sarah.white@example.com', '831-555-3333', '909 Redwood Dr, Denver, CO'),
(130, 'Company', 'support@enterprisesolutions.com', '415-555-4444', '100 Corporate Ln, Boston, MA'),
(131, 'Individual', 'kevin.hall@example.com', '925-555-5555', '303 Maple St, Phoenix, AZ'),
(132, 'Company', 'contact@marketleaders.com', '510-555-6666', '404 Industry Ave, Miami, FL'),
(133, 'Individual', 'amy.adams@example.com', '669-555-7777', '505 Oak St, San Diego, CA'),
(134, 'Company', 'hr@nextgenstartups.com', '415-555-8888', '606 Founder Rd, Austin, TX'),
(135, 'Individual', 'jason.lee@example.com', '408-555-9999', '707 Birch Rd, Dallas, TX'),
(136, 'Company', 'partners@corporategroup.com', '650-555-1010', '808 Financial Plaza, San Jose, CA'),
(137, 'Individual', 'laura.morris@example.com', '925-555-1112', '909 Willow Ave, Atlanta, GA'),
(138, 'Organizer', 'events@eventcorp.com', '111-222-3333', '101 Event St, New York, NY'),
(139, 'Organizer', 'info@musicfest.com', '222-333-4444', '202 Music Ave, Los Angeles, CA'),
(140, 'Organizer', 'contact@sportsworld.com', '333-444-5555', '303 Stadium Rd, Chicago, IL'),
(141, 'Organizer', 'hello@techexpo.com', '444-555-6666', '404 Innovation Ln, San Francisco, CA'),
(142, 'Organizer', 'support@artexhibit.com', '555-666-7777', '505 Gallery Blvd, Miami, FL'),
(143, 'Organizer', 'contact@theaterprod.com', '666-777-8888', '606 Broadway St, Boston, MA'),
(144, 'Organizer', 'gaming@gamecon.com', '777-888-9999', '707 Gamer Ave, Seattle, WA'),
(145, 'Organizer', 'fashion@fashionshows.com', '888-999-0000', '808 Runway Rd, Dallas, TX'),
(146, 'Organizer', 'comedy@comedyhub.com', '999-000-1111', '909 Laugh Blvd, Austin, TX'),
(147, 'Organizer', 'business@bizsummit.com', '000-111-2222', '1010 Corporate Plaza, San Jose, CA'),
(148, 'Organizer', 'auto@autoshow.com', '123-456-7890', '111 Auto Lane, Detroit, MI'),
(149, 'Organizer', 'film@filmfest.com', '234-567-8901', '222 Cinema St, Hollywood, CA'),
(150, 'Organizer', 'food@foodexpo.com', '345-678-9012', '333 Culinary Rd, San Francisco, CA'),
(151, 'Organizer', 'books@bookfair.com', '456-789-0123', '444 Literature Ave, Chicago, IL'),
(152, 'Organizer', 'med@medconf.com', '567-890-1234', '555 Health St, Houston, TX'),
(153, 'Organizer', 'dance@dancecomp.com', '678-901-2345', '666 Rhythm Rd, Atlanta, GA'),
(154, 'Organizer', 'charity@charitygala.com', '789-012-3456', '777 Giving Blvd, New Orleans, LA'),
(155, 'Organizer', 'startups@pitchday.com', '890-123-4567', '888 Founder St, Palo Alto, CA'),
(156, 'Organizer', 'chess@chesstourney.com', '901-234-5678', '999 Checkmate Ln, Las Vegas, NV'),
(157, 'Organizer', 'tech@techmeetup.com', '012-345-6789', '1011 Networking Ave, San Diego, CA');

-- Insert data into CorporateCustomer Table
INSERT INTO CorporateCustomer (UserID, CompanyName, ContactName) VALUES
(102, 'TechCorp', 'Alice Johnson'),
(104, 'BizSolutions', 'Robert Carter'),
(106, 'Fintech Global', 'Emma Roberts'),
(108, 'E-Commerce Solutions', 'David Wilson'),
(110, 'StartupX', 'Sophia Martinez'),
(112, 'Law Associates', 'William Rogers'),
(114, 'Consult Group', 'Henry Adams'),
(117, 'Marketing Solutions', 'Jessica Parker'),
(119, 'Wealth Management', 'Thomas Richardson'),
(121, 'IT Innovators', 'Daniel Stewart'),
(124, 'Eco Power', 'Laura Green'),
(126, 'Globex Corp', 'Alice Simmons'),
(128, 'Biz Consulting', 'Robert Evans'),
(130, 'IT Innovators', 'Emma Watson'),
(132, 'Enterprise Solutions', 'David Harris'),
(134, 'Market Leaders', 'Sophia Roberts'),
(136, 'NextGen Startups', 'William Clark');

-- Insert data into IndividualCustomer Table
INSERT INTO IndividualCustomer (UserID, CustomerName) VALUES
(101, 'John Doe'),
(103, 'Jane Smith'),
(105, 'Alice Williams'),
(107, 'Bob Johnson'),
(109, 'Michael Brown'),
(111, 'Emma Wilson'),
(113, 'Robert King'),
(115, 'Sophia Chen'),
(116, 'Nathan James'),
(118, 'Olivia Martinez'),
(120, 'Ethan Wright'),
(122, 'Luke Daniels'),
(123, 'Henry Johnson'),
(125, 'Elizabeth Clark'),
(127, 'Michael Green'),
(129, 'Sarah White'),
(131, 'Kevin Hall'),
(133, 'Amy Adams'),
(135, 'Jason Lee'),
(137, 'Laura Morris');


-- Insert data into Organizer Table
INSERT INTO Organizer (UserID, OrganizerName, ContactName) VALUES
(138, 'Event Corp', 'Alice Johnson'),
(139, 'Music Festivals Inc.', 'Robert Carter'),
(140, 'Sports World', 'Emma Roberts'),
(141, 'Tech Expo', 'David Wilson'),
(142, 'Art Exhibitions', 'Sophia Martinez'),
(143, 'Theater Productions', 'William Rogers'),
(144, 'Gaming Conventions', 'Henry Adams'),
(145, 'Fashion Shows', 'Jessica Parker'),
(146, 'Comedy Events', 'Thomas Richardson'),
(147, 'Business Summits', 'Daniel Stewart'),
(148, 'Auto Shows', 'Laura Green'),
(149, 'Film Festivals', 'Alice Simmons'),
(150, 'Food Expos', 'Robert Evans'),
(151, 'Book Fairs', 'Emma Watson'),
(152, 'Medical Conferences', 'David Harris'),
(153, 'Dance Competitions', 'Sophia Roberts'),
(154, 'Charity Galas', 'William Clark'),
(155, 'Startup Pitches', 'Henry Adams'),
(156, 'Chess Tournaments', 'Olivia Carter'),
(157, 'Tech Meetups', 'Ethan White');

-- Insert data into Discount Table
INSERT INTO Discount (DiscountID, DiscountSource, DiscountPercentage) VALUES
(900, 'Company', 5.00),
(901, 'Company', 8.00),
(902, 'Company', 10.00),
(903, 'Company', 12.00),
(904, 'Groupon', 5.00),
(905, 'Groupon', 8.00),
(906, 'Groupon', 10.00),
(907, 'Promotion', 5.00),
(908, 'Promotion', 8.00);

-- Insert data into Event Table
INSERT INTO Event (EventID, EventName, Date, Time, UserID, BasePrice) VALUES
(801, 'Rock Concert', '2025-06-15', '19:30:00', 139, 75.00),
(802, 'Tech Conference', '2025-09-10', '09:00:00', 142, 120.00),
(803, 'Football Match', '2025-07-20', '17:00:00', 151, 90.00),
(804, 'Art Exhibition', '2025-08-25', '18:00:00', 140, 50.00),
(805, 'Theater Play', '2025-06-30', '20:00:00', 142, 60.00),
(806, 'Gaming Expo', '2025-11-05', '10:00:00', 143, 110.00),
(807, 'Fashion Show', '2025-10-15', '19:00:00', 143, 85.00),
(808, 'Comedy Night', '2025-05-10', '21:00:00', 146, 40.00),
(809, 'Business Summit', '2025-12-01', '08:30:00', 144, 150.00),
(810, 'Opera Night', '2025-07-05', '19:00:00', 145, 95.00),
(811, 'Jazz Festival', '2025-08-10', '20:00:00', 156, 70.00),
(812, 'Car Expo', '2025-10-27', '09:00:00', 143, 130.00),
(813, 'Food Festival', '2025-07-04', '12:00:00', 154, 55.00),
(814, 'Dance Championship', '2025-09-30', '18:00:00', 155, 65.00),
(815, 'Movie Premiere', '2025-11-20', '19:30:00', 146, 80.00),
(816, 'Charity Gala', '2025-12-25', '20:00:00', 148, 200.00),
(817, 'Startup Pitch Night', '2025-04-15', '18:30:00', 148, 90.00),
(818, 'Chess Tournament', '2025-03-21', '10:00:00', 150, 45.00),
(819, 'Opera Performance', '2025-06-28', '19:00:00', 148, 100.00),
(820, 'Music Awards', '2025-09-05', '19:00:00', 149, 150.00),
(821, 'Chess Tournament', '2025-03-28', '10:00:00', 150, 45.00),
(822, 'Chess Tournament', '2025-04-04', '10:00:00', 150, 45.00),
(823, 'Chess Tournament', '2025-03-07', '10:00:00', 150, 45.00),
(824, 'Art Exhibition', '2025-08-27', '18:00:00', 140, 50.00),
(825, 'Art Exhibition', '2025-09-02', '18:00:00', 142, 50.00),
(826, 'Art Exhibition', '2025-09-04', '18:00:00', 142, 50.00),
(827, 'Art Exhibition', '2025-09-06', '18:00:00', 142, 50.00),
(828, 'Art Exhibition', '2025-09-01', '18:00:00', 142, 50.00),
(829, 'Business Summit', '2025-12-08', '08:30:00', 139, 150.00),
(830, 'Business Summit', '2025-12-15', '08:30:00', 139, 150.00),
(831, 'Business Summit', '2025-12-22', '08:30:00', 139, 150.00),
(832, 'Business Summit', '2025-12-29', '08:30:00', 139, 150.00),
(833, 'Business Summit', '2025-12-03', '08:30:00', 139, 150.00),
(834, 'Business Summit', '2025-12-17', '08:30:00', 139, 150.00),
(835, 'Business Summit', '2025-12-31', '08:30:00', 139, 150.00),
(836, 'Car Expo', '2025-10-20', '09:00:00', 142, 130.00),
(837, 'Car Expo', '2025-10-22', '09:00:00', 142, 130.00),
(838, 'Car Expo', '2025-10-30', '09:00:00', 142, 130.00),
(839, 'Car Expo', '2025-11-03', '09:00:00', 143, 130.00),
(840, 'Car Expo', '2025-11-04', '09:00:00', 144, 130.00),
(841, 'Car Expo', '2025-11-05', '09:00:00', 145, 130.00),
(842, 'Car Expo', '2025-11-07', '09:00:00', 150, 130.00),
(843, 'Car Expo', '2025-11-10', '09:00:00', 150, 130.00),
(844, 'Comedy Night', '2025-05-12', '21:00:00', 147, 40.00),
(845, 'Charity Gala', '2025-12-29', '20:00:00', 149, 200.00),
(846, 'Comedy Night', '2025-05-14', '21:00:00', 157, 40.00),
(847, 'Charity Gala', '2025-12-31', '20:00:00', 150, 200.00),
(848, 'Comedy Night', '2025-05-16', '21:00:00', 147, 40.00),
(849, 'Charity Gala', '2026-01-02', '20:00:00', 150, 200.00),
(850, 'Comedy Night', '2025-05-20', '21:00:00', 149, 40.00),
(851, 'Charity Gala', '2026-01-06', '20:00:00', 151, 200.00),
(852, 'Comedy Night', '2025-05-29', '21:00:00', 150, 40.00),
(853, 'Charity Gala', '2026-01-09', '20:00:00', 152, 200.00),
(854, 'Dance Championship', '2025-10-07', '18:00:00', 156, 65.00),
(856, 'Food Festival', '2025-07-11', '12:00:00', 154, 55.00),
(857, 'Food Festival', '2025-07-18', '12:00:00', 154, 55.00),
(858, 'Football Match', '2025-07-22', '17:00:00', 151, 90.00),
(859, 'Football Match', '2025-07-24', '17:00:00', 152, 90.00),
(860, 'Football Match', '2025-07-31', '17:00:00', 153, 90.00),
(861, 'Football Match', '2025-08-06', '17:00:00', 154, 90.00),
(862, 'Football Match', '2025-08-04', '17:00:00', 155, 90.00),
(863, 'Football Match', '2025-08-05', '17:00:00', 156, 90.00),
(864, 'Football Match', '2025-08-13', '17:00:00', 157, 90.00),
(865, 'Rock Concert', '2025-06-18', '19:30:00', 139, 75.00),
(866, 'Rock Concert', '2025-06-20', '19:30:00', 140, 75.00),
(867, 'Rock Concert', '2025-06-30', '19:30:00', 140, 75.00),
(868, 'Rock Concert', '2025-07-02', '19:30:00', 140, 75.00),
(869, 'Rock Concert', '2025-07-09', '19:30:00', 141, 75.00),
(870, 'Rock Concert', '2025-07-11', '19:30:00', 141, 75.00),
(871, 'Rock Concert', '2025-08-06', '19:30:00', 141, 75.00),
(872, 'Rock Concert', '2025-08-07', '19:30:00', 141, 75.00),
(873, 'Rock Concert', '2025-08-19', '19:30:00', 144, 75.00),
(874, 'Rock Concert', '2025-08-14', '19:30:00', 148, 75.00),
(875, 'Rock Concert', '2025-06-16', '19:30:00', 149, 75.00),
(876, 'Rock Concert', '2025-08-20', '19:30:00', 140, 75.00),
(877, 'Rock Concert', '2025-08-22', '19:30:00', 150, 75.00),
(878, 'Rock Concert', '2025-08-26', '19:30:00', 155, 75.00),
(879, 'Rock Concert', '2025-08-29', '19:30:00', 154, 75.00);


-- Insert data into EventVenue Table
INSERT INTO EventVenue (EventID, VenueID) VALUES
(801, 501),
(802, 502),
(803, 503),
(804, 504),
(805, 505),
(806, 506),
(807, 507),
(808, 508),
(809, 509),
(810, 510),
(811, 511),
(812, 512),
(813, 513),
(814, 514),
(815, 515),
(816, 516),
(817, 517),
(818, 518),
(819, 519),
(820, 520),
(821, 501),
(822, 503),
(824, 507),
(825, 520),
(826, 511),
(827, 505),
(828, 503),
(829, 502),
(830, 503),
(831, 508),
(832, 509),
(833, 511),
(834, 513),
(835, 514),
(836, 511),
(837, 513),
(838, 515),
(839, 516),
(840, 503),
(841, 504),
(842, 505),
(843, 506),
(844, 508),
(845, 503),
(846, 509),
(847, 504),
(848, 510),
(849, 505),
(850, 511),
(851, 506),
(852, 512),
(853, 509),
(854, 517),
(856, 513),
(857, 513),
(858, 501),
(859, 502),
(860, 503),
(861, 504),
(862, 506),
(863, 509),
(864, 510),
(865, 502),
(866, 503),
(867, 504),
(868, 505),
(869, 505),
(870, 506),
(871, 506),
(872, 501),
(873, 501),
(874, 502),
(875, 503),
(876, 503),
(877, 503),
(878, 502),
(879, 505);



-- Insert data into Venue Table
INSERT INTO Venue (VenueID, VenueName, Location, Capacity) VALUES
(501, 'Grand Theater', 'Downtown', 500),
(502, 'City Arena', 'Uptown', 1000),
(503, 'Conference Hall A', 'Midtown', 300),
(504, 'Concert Hall B', 'Suburbs', 700),
(505, 'Expo Center', 'Industrial Zone', 1500),
(506, 'Sports Stadium', 'East Side', 2000),
(507, 'Open Air Venue', 'West Side', 800),
(508, 'Banquet Hall', 'South Side', 600),
(509, 'Convention Center', 'North Side', 1200),
(510, 'Opera House', 'Central District', 550),
(511, 'Music Hall', 'West End', 750),
(512, 'Stadium X', 'Downtown', 2500),
(513, 'Tech Convention Center', 'Tech Park', 1800),
(514, 'Art Gallery', 'Museum District', 400),
(515, 'Jazz Club', 'Entertainment Street', 200),
(516, 'Lecture Hall', 'University Campus', 350),
(517, 'Cultural Center', 'Historic Quarter', 650),
(518, 'Rooftop Arena', 'Skyline View', 500),
(519, 'Aquatic Center', 'Seaside', 900),
(520, 'Community Hall', 'Residential Area', 450);

-- Insert data into Booking Table
INSERT INTO Booking (BookingID, UserID, EventID, BookingType, BookingDate, TotalPrice, DiscountID) VALUES
(301, 101, 801, 'Individual', '2025-06-07', 150.00, 904),
(302, 102, 802, 'Individual', '2025-09-02', 240.00, 904),
(303, 103, 803, 'Individual', '2025-07-12', 180.00, 904),
(304, 104, 804, 'Individual', '2025-08-17', 100.00, 904),
(305, 105, 805, 'Individual', '2025-06-22', 120.00, 904),
(306, 106, 806, 'Individual', '2025-10-28', 220.00, 904),
(307, 107, 807, 'Individual', '2025-10-07', 170.00, 904),
(308, 108, 808, 'Group', '2025-05-02', 600.00, 900),
(309, 109, 809, 'Group', '2025-11-23', 2250.00, 900),
(310, 110, 810, 'Group', '2025-06-27', 1425.00, 900),
(311, 111, 811, 'Group', '2025-08-02', 1050.00, 900),
(312, 112, 812, 'Group', '2025-10-19', 1950.00, 900),
(313, 113, 813, 'Individual', '2025-06-26', 110.00, 904),
(314, 114, 814, 'Individual', '2025-09-22', 130.00, 904),
(315, 115, 815, 'Individual', '2025-11-12', 160.00, 904),
(316, 116, 816, 'Individual', '2025-12-17', 400.00, 904),
(317, 117, 817, 'Individual', '2025-04-07', 180.00, 904),
(318, 118, 818, 'Individual', '2025-03-13', 90.00, 904),
(319, 119, 819, 'Individual', '2025-06-20', 200.00, 904),
(320, 120, 820, 'Individual', '2025-08-28', 300.00, 904),
(321, 121, 821, 'Individual', '2025-03-20', 90.00, 905),
(322, 122, 822, 'Individual', '2025-03-27', 90.00, 905),
(324, 124, 824, 'Individual', '2025-08-19', 100.00, 905),
(325, 125, 825, 'Individual', '2025-08-25', 100.00, 905),
(326, 126, 826, 'Individual', '2025-08-27', 100.00, 905),
(327, 127, 827, 'Individual', '2025-08-29', 100.00, 905),
(328, 128, 828, 'Group', '2025-08-24', 750.00, 900),
(329, 129, 829, 'Group', '2025-11-30', 2250.00, 900),
(330, 130, 830, 'Group', '2025-12-07', 2250.00, 900),
(331, 131, 831, 'Individual', '2025-12-14', 300.00, 905),
(332, 132, 832, 'Individual', '2025-12-21', 300.00, 905),
(333, 133, 833, 'Individual', '2025-11-25', 300.00, 905),
(334, 134, 834, 'Individual', '2025-12-09', 300.00, 906),
(335, 135, 835, 'Individual', '2025-12-23', 300.00, 906),
(336, 136, 836, 'Individual', '2025-10-12', 260.00, 906),
(337, 137, 837, 'Individual', '2025-10-14', 260.00, 906),
(338, 101, 838, 'Individual', '2025-10-22', 260.00, 906),
(339, 102, 839, 'Individual', '2025-10-26', 260.00, 906),
(340, 103, 840, 'Individual', '2025-10-27', 260.00, 906),
(341, 104, 841, 'Individual', '2025-10-28', 260.00, 906),
(342, 105, 842, 'Individual', '2025-10-30', 260.00, 906),
(343, 106, 843, 'Individual', '2025-11-02', 260.00, 906),
(344, 107, 844, 'Individual', '2025-05-04', 80.00, 906),
(345, 108, 845, 'Group', '2025-12-21', 3000.00, 900),
(346, 109, 846, 'Group', '2025-05-06', 600.00, 900),
(347, 110, 847, 'Group', '2025-12-23', 3000.00, 900),
(348, 111, 848, 'Group', '2025-05-08', 600.00, 900),
(349, 112, 849, 'Individual', '2025-12-25', 400.00, 906),
(350, 113, 850, 'Individual', '2025-05-12', 80.00, 906),
(351, 114, 851, 'Individual', '2025-12-29', 400, 906),
(352, 115, 852, 'Individual', '2025-05-21', 80, 906),
(353, 116, 853, 'Individual', '2026-01-01', 400, 906),
(354, 117, 854, 'Individual', '2025-09-29', 130, 906),
(355, 118, 855, 'Individual', '2025-09-29', 130, 906),
(356, 119, 801, 'Individual', '2025-07-03', 150, 906),
(357, 120, 802, 'Individual', '2025-07-10', 240, 906),
(358, 121, 803, 'Individual', '2025-07-14', 180, 906),
(359, 122, 804, 'Individual', '2025-07-16', 100, 906),
(360, 123, 805, 'Individual', '2025-07-23', 120, 906),
(361, 124, 806, 'Individual', '2025-07-29', 220, 906),
(362, 125, 807, 'Individual', '2025-07-27', 170, 906),
(363, 126, 808, 'Individual', '2025-07-28', 80, 906),
(364, 127, 809, 'Individual', '2025-08-05', 300, 906),
(365, 128, 810, 'Individual', '2025-06-10', 190, 906),
(366, 129, 811, 'Individual', '2025-06-12', 140, 906),
(367, 130, 812, 'Individual', '2025-06-22', 260, 906),
(368, 131, 813, 'Individual', '2025-06-24', 110, 906),
(369, 132, 814, 'Individual', '2025-07-01', 130, 906),
(370, 133, 815, 'Individual', '2025-07-03', 160, 906),
(371, 134, 816, 'Individual', '2025-07-28', 400, 906),
(372, 135, 817, 'Individual', '2025-07-30', 180, 906),
(373, 136, 818, 'Individual', '2025-08-11', 90, 906),
(374, 137, 819, 'Individual', '2025-08-06', 200, 906),
(375, 101, 820, 'Individual', '2025-06-07', 300, 906),
(376, 102, 821, 'Group', '2025-08-12', 675, 901),
(377, 103, 822, 'Group', '2025-08-14', 675, 901),
(378, 104, 823, 'Group', '2025-08-18', 675, 901),
(379, 105, 824, 'Individual', '2025-08-21', 100, 906),
(380, 106, 825, 'Individual', '2025-06-07', 100, 906),
(381, 107, 826, 'Individual', '2025-09-02', 100, 906),
(382, 108, 827, 'Individual', '2025-07-12', 100, 906),
(383, 109, 828, 'Individual', '2025-08-17', 100, 906),
(384, 110, 829, 'Individual', '2025-06-22', 300, 906),
(385, 111, 830, 'Individual', '2025-10-28', 300, 906),
(386, 112, 831, 'Individual', '2025-10-07', 300, 906),
(387, 113, 832, 'Individual', '2025-05-02', 300, 906),
(388, 114, 833, 'Individual', '2025-11-23', 300, 906),
(389, 115, 834, 'Individual', '2025-06-27', 300, 904),
(390, 116, 835, 'Individual', '2025-08-02', 300, 904),
(391, 117, 836, 'Individual', '2025-10-19', 260, 904),
(392, 118, 837, 'Individual', '2025-06-26', 260, 904),
(393, 119, 838, 'Group', '2025-09-22', 1950, 901),
(394, 120, 839, 'Group', '2025-11-12', 1950, 901),
(395, 121, 840, 'Group', '2025-12-17', 1950, 901),
(396, 122, 841, 'Group', '2025-04-07', 1950.00, 901),
(397, 123, 842, 'Individual', '2025-03-13', 260.00, 904),
(398, 124, 843, 'Individual', '2025-06-20', 260.00, 904),
(399, 125, 844, 'Individual', '2025-08-28', 80.00, 904),
(400, 126, 845, 'Individual', '2025-03-20', 400.00, 904),
(401, 127, 846, 'Individual', '2025-03-27', 80.00, 904),
(402, 128, 847, 'Individual', '2025-02-27', 400.00, 904),
(403, 129, 848, 'Individual', '2025-08-19', 80.00, 904),
(404, 130, 849, 'Individual', '2025-08-25', 400.00, 904),
(405, 131, 850, 'Individual', '2025-08-27', 80.00, 904),
(406, 132, 851, 'Individual', '2025-08-29', 400.00, 904),
(407, 133, 852, 'Individual', '2025-08-24', 80.00, 904),
(408, 134, 853, 'Individual', '2025-11-30', 400.00, 904),
(409, 135, 854, 'Individual', '2025-12-07', 130.00, 904),
(411, 137, 801, 'Individual', '2025-12-21', 150.00, 904),
(412, 101, 802, 'Individual', '2025-11-25', 240.00, 904),
(413, 102, 803, 'Individual', '2025-12-09', 180.00, 904),
(414, 103, 804, 'Individual', '2025-12-23', 100.00, 904),
(415, 104, 805, 'Individual', '2025-10-12', 120.00, 904),
(416, 105, 806, 'Individual', '2025-10-14', 220.00, 904),
(417, 106, 807, 'Individual', '2025-10-22', 170.00, 904),
(418, 107, 808, 'Individual', '2025-10-26', 80.00, 904),
(419, 108, 809, 'Individual', '2025-10-27', 300.00, 904),
(420, 109, 810, 'Individual', '2025-10-28', 190.00, 904),
(421, 110, 811, 'Individual', '2025-10-30', 140.00, 904),
(422, 111, 812, 'Individual', '2025-11-02', 260.00, 904),
(423, 112, 813, 'Individual', '2025-05-04', 110.00, 904),
(424, 113, 814, 'Group', '2025-12-21', 975.00, 901),
(425, 114, 815, 'Group', '2025-05-06', 1200.00, 901),
(426, 115, 816, 'Group', '2025-12-23', 3000.00, 902),
(427, 116, 817, 'Individual', '2025-05-08', 180.00, 904),
(428, 117, 818, 'Individual', '2025-12-25', 90.00, 904),
(429, 118, 819, 'Individual', '2025-05-12', 200.00, 904),
(430, 119, 820, 'Individual', '2025-12-29', 300.00, 904),
(431, 120, 821, 'Individual', '2025-05-21', 90.00, 904),
(432, 121, 822, 'Individual', '2026-01-01', 90.00, 904),
(434, 123, 824, 'Individual', '2025-09-29', 100.00, 904),
(435, 124, 825, 'Individual', '2025-07-03', 100.00, 904),
(436, 125, 826, 'Individual', '2025-07-10', 100.00, 904),
(437, 126, 827, 'Individual', '2025-07-14', 100.00, 904),
(438, 127, 828, 'Individual', '2025-07-16', 100.00, 904),
(439, 128, 829, 'Individual', '2025-07-23', 300.00, 904),
(440, 129, 830, 'Individual', '2025-07-29', 300.00, 904),
(441, 130, 831, 'Group', '2025-07-27', 2250.00, 902),
(442, 131, 832, 'Group', '2025-07-28', 2250.00, 902),
(443, 132, 833, 'Group', '2025-08-05', 2250.00, 902),
(444, 133, 834, 'Group', '2025-06-10', 2250.00, 903),
(445, 134, 835, 'Individual', '2025-06-12', 300.00, 904),
(446, 135, 836, 'Individual', '2025-06-22', 260.00, 904),
(447, 136, 837, 'Individual', '2025-06-24', 260.00, 904),
(448, 137, 838, 'Individual', '2025-07-01', 260.00, 904),
(449, 101, 839, 'Individual', '2025-07-03', 260.00, 904),
(450, 102, 840, 'Individual', '2025-07-28', 260.00, 904),
(451, 103, 841, 'Individual', '2025-07-30', 260.00, 904),
(452, 104, 842, 'Individual', '2025-08-11', 260.00, 904),
(453, 105, 843, 'Individual', '2025-08-06', 260.00, 904),
(454, 106, 844, 'Individual', '2025-06-07', 80.00, 904),
(455, 107, 845, 'Individual', '2025-08-12', 400.00, 904),
(456, 108, 846, 'Individual', '2025-08-14', 80.00, 904),
(457, 109, 847, 'Individual', '2025-08-18', 400.00, 904),
(458, 110, 848, 'Individual', '2025-08-21', 80.00, 908),
(459, 111, 849, 'Individual', '2025-06-07', 400.00, 908),
(460, 112, 850, 'Individual', '2025-09-02', 80.00, 908),
(461, 113, 851, 'Individual', '2025-07-12', 400.00, 908),
(462, 114, 852, 'Individual', '2025-08-17', 80.00, 908),
(463, 115, 853, 'Individual', '2025-06-22', 400.00, 908),
(464, 116, 854, 'Individual', '2025-10-28', 130.00, 904),
(466, 118, 856, 'Group', '2025-05-02', 825.00, 903),
(467, 119, 857, 'Group', '2025-11-23', 825.00, 903),
(468, 120, 858, 'Group', '2025-06-27', 1350.00, 903),
(469, 121, 859, 'Individual', '2025-08-02', 180.00, 904),
(470, 122, 860, 'Individual', '2025-10-19', 180.00, 904),
(471, 123, 861, 'Individual', '2025-06-26', 180.00, 904),
(472, 124, 862, 'Individual', '2025-09-22', 180.00, 904),
(473, 125, 863, 'Individual', '2025-11-12', 180.00, 904),
(474, 126, 864, 'Individual', '2025-12-17', 180.00, 904),
(475, 127, 865, 'Individual', '2025-04-07', 150.00, 904),
(476, 128, 866, 'Individual', '2025-03-13', 150.00, 907),
(477, 129, 867, 'Individual', '2025-06-20', 150.00, 907),
(478, 130, 868, 'Individual', '2025-08-28', 150.00, 907),
(479, 131, 869, 'Individual', '2025-03-20', 150.00, 907),
(480, 132, 870, 'Individual', '2025-03-27', 150.00, 907),
(481, 133, 871, 'Individual', '2025-02-27', 150.00, 907),
(482, 134, 872, 'Individual', '2025-08-19', 150.00, 907),
(483, 135, 873, 'Group', '2025-08-25', 1125.00, 903),
(484, 136, 874, 'Group', '2025-08-27', 1125.00, 903),
(485, 137, 875, 'Group', '2025-08-29', 1125.00, 903),
(486, 101, 876, 'Group', '2025-08-24', 1125.00, 903),
(487, 102, 877, 'Individual', '2025-11-30', 150.00, 907),
(488, 103, 878, 'Individual', '2025-12-07', 150.00, 904),
(489, 104, 879, 'Individual', '2025-12-14', 150.00, 904);

-- insert Payment table data:
INSERT INTO Payment (PaymentID, BookingID, PaymentDate, Amount, PaymentMethod) VALUES
(201, 301, '2025-06-07', 142.5, 'Credit Card'),
(202, 302, '2025-09-02', 228, 'Credit Card'),
(203, 303, '2025-07-12', 171, 'Credit Card'),
(204, 304, '2025-08-17', 95, 'Credit Card'),
(205, 305, '2025-06-22', 114, 'Credit Card'),
(206, 306, '2025-10-28', 209, 'Credit Card'),
(207, 307, '2025-10-07', 161.5, 'Credit Card'),
(208, 308, '2025-05-02', 570, 'Credit Card'),
(209, 309, '2025-11-23', 2137.5, 'Credit Card'),
(210, 310, '2025-06-27', 1353.75, 'Credit Card'),
(211, 311, '2025-08-02', 997.5, 'Credit Card'),
(212, 312, '2025-10-19', 1852.5, 'Credit Card'),
(213, 313, '2025-06-26', 104.5, 'Credit Card'),
(214, 314, '2025-09-22', 123.5, 'Credit Card'),
(215, 315, '2025-11-12', 152, 'Credit Card'),
(216, 316, '2025-12-17', 380, 'Credit Card'),
(217, 317, '2025-04-07', 171, 'Credit Card'),
(218, 318, '2025-03-13', 85.5, 'Credit Card'),
(219, 319, '2025-06-20', 190, 'Credit Card'),
(220, 320, '2025-08-28', 285, 'Credit Card'),
(221, 321, '2025-03-20', 82.8, 'Credit Card'),
(222, 322, '2025-03-27', 82.8, 'Credit Card'),
(223, 324, '2025-08-19', 82.8, 'Credit Card'),
(224, 325, '2025-08-25', 92, 'Credit Card'),
(225, 326, '2025-08-27', 92, 'Credit Card'),
(226, 327, '2025-08-29', 92, 'Credit Card'),
(227, 328, '2025-08-24', 92, 'PayPal'),
(228, 329, '2025-11-30', 712.5, 'PayPal'),
(229, 330, '2025-12-07', 2137.5, 'PayPal'),
(230, 331, '2025-12-14', 2137.5, 'PayPal'),
(231, 332, '2025-12-21', 276, 'PayPal'),
(232, 333, '2025-11-25', 276, 'Credit Card'),
(233, 334, '2025-12-09', 276, 'Credit Card'),
(234, 335, '2025-12-23', 270, 'Credit Card'),
(235, 336, '2025-10-12', 270, 'Credit Card'),
(236, 337, '2025-10-14', 234, 'Credit Card'),
(237, 338, '2025-10-22', 234, 'Credit Card'),
(238, 339, '2025-10-26', 234, 'Credit Card'),
(239, 340, '2025-10-27', 234, 'Credit Card'),
(240, 341, '2025-10-28', 234, 'Credit Card'),
(241, 342, '2025-10-30', 234, 'Credit Card'),
(242, 343, '2025-11-02', 234, 'Credit Card'),
(243, 344, '2025-05-04', 234, 'Credit Card'),
(244, 345, '2025-12-21', 72, 'Credit Card'),
(245, 346, '2025-05-06', 2850, 'Credit Card'),
(246, 347, '2025-12-23', 570, 'Credit Card'),
(247, 348, '2025-05-08', 2850, 'Credit Card'),
(248, 349, '2025-12-25', 570, 'Credit Card'),
(249, 350, '2025-05-12', 360, 'Credit Card'),
(250, 351, '2025-12-29', 72, 'Credit Card'),
(251, 352, '2025-05-21', 360, 'Credit Card'),
(252, 353, '2026-01-01', 72, 'Bank Transfer'),
(253, 354, '2025-09-29', 360, 'Bank Transfer'),
(254, 356, '2025-07-03', 117, 'Bank Transfer'),
(255, 357, '2025-07-10', 117, 'Bank Transfer'),
(256, 358, '2025-07-14', 135, 'Bank Transfer'),
(257, 359, '2025-07-16', 216, 'Bank Transfer'),
(258, 360, '2025-07-23', 162, 'Bank Transfer'),
(259, 361, '2025-07-29', 90, 'Cash'),
(260, 362, '2025-07-27', 108, 'Cash'),
(261, 363, '2025-07-28', 198, 'Cash'),
(262, 364, '2025-08-05', 153, 'Cash'),
(263, 365, '2025-06-10', 72, 'Cash'),
(264, 366, '2025-06-12', 270, 'Cash'),
(265, 367, '2025-06-22', 171, 'Cash'),
(266, 368, '2025-06-24', 126, 'Cash'),
(267, 369, '2025-07-01', 234, 'Credit Card'),
(268, 370, '2025-07-03', 99, 'Credit Card'),
(269, 371, '2025-07-28', 117, 'Credit Card'),
(270, 372, '2025-07-30', 144, 'Credit Card'),
(271, 373, '2025-08-11', 360, 'Credit Card'),
(272, 374, '2025-08-06', 162, 'Credit Card'),
(273, 375, '2025-06-07', 81, 'Credit Card'),
(274, 376, '2025-08-12', 180, 'Credit Card'),
(275, 377, '2025-08-14', 270, 'Credit Card'),
(276, 378, '2025-08-21', 621, 'Credit Card'),
(277, 379, '2025-06-07', 621, 'Credit Card'),
(278, 380, '2025-09-02', 621, 'Credit Card'),
(279, 381, '2025-07-12', 90, 'Credit Card'),
(280, 382, '2025-08-17', 90, 'Credit Card'),
(281, 383, '2025-06-22', 90, 'Credit Card'),
(282, 384, '2025-10-28', 90, 'Credit Card'),
(283, 385, '2025-10-07', 90, 'Credit Card'),
(284, 386, '2025-05-02', 270, 'Credit Card'),
(267, 369, '2025-07-01', 234, 'Credit Card'),
(268, 370, '2025-07-03', 99, 'Credit Card'),
(269, 371, '2025-07-28', 117, 'Credit Card'),
(270, 372, '2025-07-30', 144, 'Credit Card'),
(271, 373, '2025-08-11', 360, 'Credit Card'),
(272, 374, '2025-08-06', 162, 'Credit Card'),
(273, 375, '2025-06-07', 81, 'Credit Card'),
(274, 376, '2025-08-12', 180, 'Credit Card'),
(275, 377, '2025-08-14', 270, 'Credit Card'),
(277, 379, '2025-06-07', 621, 'Credit Card'),
(278, 380, '2025-09-02', 621, 'Credit Card'),
(279, 381, '2025-07-12', 90, 'Credit Card'),
(280, 382, '2025-08-17', 90, 'Credit Card'),
(281, 383, '2025-06-22', 90, 'Credit Card'),
(282, 384, '2025-10-28', 90, 'Credit Card'),
(283, 385, '2025-10-07', 90, 'Credit Card'),
(284, 386, '2025-05-02', 270, 'Credit Card'),
(285, 387, '2025-11-23', 270, 'Credit Card'),
(286, 388, '2025-06-27', 270, 'Credit Card'),
(287, 389, '2025-08-02', 270, 'Credit Card'),
(288, 390, '2025-10-19', 270, 'Credit Card'),
(289, 391, '2025-06-26', 285, 'Credit Card'),
(290, 392, '2025-09-22', 285, 'Credit Card'),
(291, 393, '2025-11-12', 247, 'Credit Card'),
(292, 394, '2025-12-17', 247, 'Credit Card'),
(293, 395, '2025-04-07', 1794, 'Credit Card'),
(294, 396, '2025-03-13', 1794, 'Credit Card'),
(295, 397, '2025-06-20', 1794, 'Credit Card'),
(296, 398, '2025-08-28', 1794, 'Credit Card'),
(297, 399, '2025-03-20', 247, 'Credit Card'),
(298, 400, '2025-03-27', 247, 'Credit Card'),
(299, 401, '2025-02-27', 76, 'Credit Card'),
(300, 402, '2025-08-19', 380, 'Credit Card'),
(301, 403, '2025-08-25', 76, 'Credit Card'),
(302, 404, '2025-08-27', 380, 'Credit Card'),
(303, 405, '2025-08-29', 76, 'Credit Card'),
(304, 406, '2025-08-24', 380, 'Credit Card'),
(305, 407, '2025-11-30', 76, 'Credit Card'),
(306, 408, '2025-12-07', 380, 'Credit Card'),
(307, 409, '2025-12-21', 76, 'Credit Card'),
(309, 411, '2025-12-09', 123.5, 'Credit Card'),
(310, 412, '2025-12-23', 123.5, 'Credit Card'),
(311, 413, '2025-10-12', 142.5, 'Credit Card'),
(312, 414, '2025-10-14', 228, 'Credit Card'),
(313, 415, '2025-10-22', 171, 'Credit Card'),
(314, 416, '2025-10-26', 95, 'Credit Card'),
(315, 417, '2025-10-27', 114, 'Credit Card'),
(316, 418, '2025-10-28', 209, 'Credit Card'),
(317, 419, '2025-10-30', 161.5, 'Credit Card'),
(318, 420, '2025-11-02', 76, 'Credit Card'),
(319, 421, '2025-05-04', 285, 'Credit Card'),
(320, 422, '2025-12-21', 180.5, 'Credit Card'),
(321, 423, '2025-05-06', 133, 'Credit Card'),
(322, 424, '2025-12-23', 247, 'Credit Card'),
(323, 425, '2025-05-08', 104.5, 'Credit Card'),
(324, 426, '2025-12-25', 897, 'Credit Card'),
(325, 427, '2025-05-12', 1104, 'Credit Card'),
(326, 428, '2025-12-29', 2700, 'Credit Card'),
(327, 429, '2025-05-21', 171, 'Credit Card'),
(328, 430, '2026-01-01', 85.5, 'Credit Card'),
(329, 431, '2025-09-29', 190, 'Credit Card'),
(330, 432, '2025-07-03', 285, 'Credit Card'),
(332, 434, '2025-07-14', 85.5, 'Credit Card'),
(333, 435, '2025-07-16', 85.5, 'Credit Card'),
(334, 436, '2025-07-23', 95, 'Credit Card'),
(335, 437, '2025-07-29', 95, 'Credit Card'),
(336, 438, '2025-07-27', 95, 'Credit Card'),
(337, 439, '2025-07-28', 95, 'Credit Card'),
(338, 440, '2025-08-05', 95, 'Credit Card'),
(339, 441, '2025-06-10', 285, 'Credit Card'),
(340, 442, '2025-06-12', 285, 'Credit Card'),
(341, 443, '2025-06-22', 2025, 'Credit Card'),
(342, 444, '2025-06-24', 2025, 'Credit Card'),
(343, 445, '2025-07-01', 2025, 'Credit Card'),
(344, 446, '2025-07-03', 1980, 'Credit Card'),
(345, 447, '2025-07-28', 285, 'Credit Card'),
(346, 448, '2025-07-30', 247, 'Credit Card'),
(347, 449, '2025-08-11', 247, 'Credit Card'),
(348, 450, '2025-08-06', 247, 'Credit Card'),
(349, 451, '2025-06-07', 247, 'Credit Card'),
(350, 452, '2025-08-12', 247, 'Credit Card'),
(351, 453, '2025-08-14', 247, 'Credit Card'),
(352, 454, '2025-08-18', 247, 'Credit Card'),
(353, 455, '2025-08-21', 247, 'Credit Card'),
(354, 456, '2025-06-07', 76, 'Credit Card'),
(355, 457, '2025-09-02', 380, 'Credit Card'),
(356, 458, '2025-07-12', 76, 'Credit Card'),
(357, 459, '2025-08-17', 380, 'Credit Card'),
(358, 460, '2025-06-22', 73.6, 'Credit Card'),
(359, 461, '2025-10-28', 368, 'Credit Card'),
(360, 462, '2025-05-02', 73.6, 'Credit Card'),
(361, 463, '2025-11-23', 368, 'Credit Card'),
(364, 466, '2025-10-19', 123.5, 'Credit Card'),
(365, 467, '2025-06-26', 123.5, 'Credit Card'),
(366, 468, '2025-09-22', 726, 'Credit Card'),
(367, 469, '2025-11-12', 726, 'Credit Card'),
(368, 470, '2025-12-17', 1188, 'Credit Card'),
(369, 471, '2025-04-07', 171, 'Credit Card'),
(370, 472, '2025-03-13', 171, 'Credit Card'),
(371, 473, '2025-06-20', 171, 'Credit Card'),
(372, 474, '2025-08-28', 171, 'Credit Card'),
(373, 475, '2025-03-20', 171, 'Credit Card'),
(374, 476, '2025-03-27', 171, 'Credit Card'),
(375, 477, '2025-02-27', 142.5, 'Credit Card'),
(376, 478, '2025-08-19', 142.5, 'Credit Card'),
(377, 479, '2025-08-25', 142.5, 'Credit Card'),
(378, 480, '2025-08-27', 142.5, 'Credit Card'),
(379, 481, '2025-08-29', 142.5, 'Credit Card'),
(380, 482, '2025-08-24', 142.5, 'Credit Card'),
(381, 483, '2025-11-30', 142.5, 'Credit Card'),
(382, 484, '2025-12-07', 142.5, 'Credit Card'),
(383, 485, '2025-12-14', 990, 'Credit Card');

INSERT INTO Seat (SeatID, VenueID, RowNumber, SeatNumber, Category) VALUES
(701, 501, 'A', 100, 'VIP'),
(702, 501, 'A', 101, 'VIP'),
(703, 501, 'A', 102, 'VIP'),
(704, 501, 'A', 103, 'Regular'),
(705, 501, 'A', 104, 'Regular'),
(706, 501, 'A', 105, 'Regular'),
(707, 501, 'A', 106, 'Regular'),
(708, 502, 'B', 100, 'Regular'),
(709, 502, 'B', 101, 'Economy'),
(710, 502, 'B', 102, 'Economy'),
(711, 502, 'B', 103, 'VIP'),
(712, 502, 'B', 104, 'VIP'),
(713, 502, 'B', 105, 'VIP'),
(714, 502, 'B', 106, 'Economy'),
(715, 502, 'C', 100, 'Economy'),
(716, 502, 'C', 101, 'Economy'),
(717, 502, 'C', 102, 'Regular'),
(718, 503, 'C', 103, 'VIP'),
(719, 503, 'C', 104, 'VIP'),
(720, 503, 'C', 105, 'VIP'),
(721, 503, 'C', 106, 'Regular'),
(722, 503, 'A', 100, 'VIP'),
(723, 503, 'A', 101, 'VIP'),
(724, 503, 'A', 102, 'VIP'),
(725, 503, 'A', 103, 'Regular'),
(726, 503, 'A', 104, 'Regular'),
(727, 503, 'A', 105, 'Regular'),
(728, 503, 'A', 106, 'Regular'),
(729, 503, 'B', 100, 'Regular'),
(730, 503, 'B', 101, 'Economy'),
(731, 504, 'B', 102, 'Economy'),
(732, 504, 'B', 103, 'VIP'),
(733, 504, 'B', 104, 'VIP'),
(734, 504, 'B', 105, 'VIP'),
(735, 504, 'B', 106, 'Economy'),
(736, 504, 'C', 100, 'Economy'),
(737, 504, 'C', 101, 'Economy'),
(738, 504, 'C', 102, 'Regular'),
(739, 504, 'C', 103, 'VIP'),
(740, 504, 'C', 104, 'VIP'),
(741, 505, 'C', 105, 'VIP'),
(742, 505, 'C', 106, 'Regular'),
(743, 505, 'A', 100, 'VIP'),
(744, 505, 'A', 101, 'VIP'),
(745, 505, 'A', 102, 'VIP'),
(746, 505, 'A', 103, 'Regular'),
(747, 505, 'A', 104, 'Regular'),
(748, 506, 'A', 105, 'Regular'),
(749, 506, 'A', 106, 'Regular'),
(750, 506, 'B', 100, 'Regular'),
(751, 506, 'B', 101, 'Economy'),
(752, 506, 'B', 102, 'Economy'),
(753, 506, 'B', 103, 'VIP'),
(754, 506, 'B', 104, 'VIP'),
(755, 506, 'B', 105, 'VIP'),
(756, 506, 'B', 106, 'Economy'),
(757, 506, 'C', 100, 'Economy'),
(758, 507, 'C', 101, 'Economy'),
(759, 507, 'C', 102, 'Regular'),
(760, 507, 'C', 103, 'VIP'),
(761, 507, 'C', 104, 'VIP'),
(762, 507, 'C', 105, 'VIP'),
(763, 507, 'C', 106, 'Regular'),
(764, 507, 'A', 100, 'VIP'),
(765, 507, 'A', 101, 'VIP'),
(766, 508, 'A', 102, 'VIP'),
(767, 508, 'A', 103, 'Regular'),
(768, 508, 'A', 104, 'Regular'),
(769, 508, 'A', 105, 'Regular'),
(770, 508, 'A', 106, 'Regular'),
(771, 508, 'B', 100, 'Regular'),
(772, 508, 'B', 101, 'Economy'),
(773, 508, 'B', 102, 'Economy'),
(774, 508, 'B', 103, 'VIP'),
(775, 508, 'B', 104, 'VIP'),
(776, 509, 'B', 105, 'VIP'),
(777, 509, 'B', 106, 'Economy'),
(778, 509, 'C', 100, 'Economy'),
(779, 509, 'C', 101, 'Economy'),
(780, 509, 'C', 102, 'Regular'),
(781, 509, 'C', 103, 'VIP'),
(782, 509, 'C', 104, 'VIP'),
(783, 509, 'C', 105, 'VIP'),
(784, 509, 'C', 106, 'Regular'),
(785, 509, 'A', 100, 'VIP'),
(786, 510, 'A', 101, 'VIP'),
(787, 510, 'A', 102, 'VIP'),
(788, 510, 'A', 103, 'Regular'),
(789, 510, 'A', 104, 'Regular'),
(790, 510, 'A', 105, 'Regular'),
(791, 510, 'A', 106, 'Regular'),
(792, 510, 'B', 100, 'Regular'),
(793, 510, 'B', 101, 'Economy'),
(794, 511, 'B', 102, 'Economy'),
(795, 511, 'B', 103, 'VIP'),
(796, 511, 'B', 104, 'VIP'),
(797, 511, 'B', 105, 'VIP'),
(798, 511, 'B', 106, 'Economy'),
(799, 511, 'C', 100, 'Economy'),
(800, 511, 'C', 101, 'Economy'),
(801, 511, 'C', 102, 'Regular'),
(802, 512, 'C', 103, 'VIP'),
(803, 512, 'C', 104, 'VIP'),
(804, 512, 'C', 105, 'VIP'),
(805, 512, 'C', 106, 'Regular'),
(806, 512, 'A', 100, 'VIP'),
(807, 512, 'A', 101, 'VIP'),
(808, 512, 'A', 102, 'VIP'),
(809, 512, 'A', 103, 'Regular'),
(810, 513, 'A', 104, 'Regular'),
(811, 513, 'A', 105, 'Regular'),
(812, 513, 'A', 106, 'Regular'),
(813, 513, 'B', 100, 'Regular'),
(814, 513, 'B', 101, 'Economy'),
(815, 513, 'B', 102, 'Economy'),
(816, 513, 'B', 103, 'VIP'),
(817, 513, 'B', 104, 'VIP'),
(818, 513, 'B', 105, 'VIP'),
(819, 514, 'B', 106, 'Economy'),
(820, 514, 'C', 100, 'Economy'),
(821, 514, 'C', 101, 'Economy'),
(822, 514, 'C', 102, 'Regular'),
(823, 514, 'C', 103, 'VIP'),
(824, 514, 'C', 104, 'VIP'),
(825, 514, 'C', 105, 'VIP'),
(826, 515, 'C', 106, 'Regular'),
(827, 515, 'A', 100, 'VIP'),
(828, 515, 'A', 101, 'VIP'),
(829, 515, 'A', 102, 'VIP'),
(830, 515, 'A', 103, 'Regular'),
(831, 515, 'A', 104, 'Regular'),
(832, 515, 'A', 105, 'Regular'),
(833, 515, 'A', 106, 'Regular'),
(834, 516, 'B', 100, 'Regular'),
(835, 516, 'B', 101, 'Economy'),
(836, 516, 'B', 102, 'Economy'),
(837, 516, 'B', 103, 'VIP'),
(838, 516, 'B', 104, 'VIP'),
(839, 516, 'B', 105, 'VIP'),
(840, 516, 'B', 106, 'Economy'),
(841, 516, 'C', 100, 'Economy'),
(842, 517, 'C', 101, 'Economy'),
(843, 517, 'C', 102, 'Regular'),
(844, 517, 'C', 103, 'VIP'),
(845, 517, 'C', 104, 'VIP'),
(846, 517, 'C', 105, 'VIP'),
(847, 517, 'C', 106, 'Regular'),
(848, 517, 'A', 100, 'VIP'),
(849, 517, 'A', 101, 'VIP'),
(850, 518, 'A', 102, 'VIP'),
(851, 518, 'A', 103, 'Regular'),
(852, 518, 'A', 104, 'Regular'),
(853, 518, 'A', 105, 'Regular'),
(854, 518, 'A', 106, 'Regular'),
(855, 518, 'B', 100, 'Regular'),
(856, 518, 'B', 101, 'Economy'),
(857, 519, 'B', 102, 'Economy'),
(858, 519, 'B', 103, 'VIP'),
(859, 519, 'B', 104, 'VIP'),
(860, 519, 'B', 105, 'VIP'),
(861, 519, 'B', 106, 'Economy'),
(862, 519, 'C', 100, 'Economy'),
(863, 519, 'C', 101, 'Economy'),
(864, 520, 'C', 102, 'Regular'),
(865, 520, 'C', 103, 'VIP'),
(866, 520, 'C', 104, 'VIP'),
(867, 520, 'C', 105, 'VIP'),
(868, 520, 'C', 106, 'Regular');


INSERT INTO BookingSeat (BookingID, SeatID) VALUES
(301, 701),
(302, 702),
(303, 703),
(304, 704),
(305, 705),
(306, 706),
(307, 707),
(308, 708),
(309, 709),
(310, 710),
(311, 711),
(312, 712),
(313, 713),
(314, 714),
(315, 715),
(316, 716),
(317, 717),
(318, 718),
(319, 719),
(320, 720),
(321, 721),
(322, 722),
(324, 723),
(325, 724),
(326, 725),
(327, 726),
(328, 727),
(329, 728),
(330, 729),
(331, 730),
(332, 731),
(333, 732),
(334, 733),
(335, 734),
(336, 735),
(337, 736),
(338, 737),
(339, 738),
(340, 739),
(341, 740),
(342, 741),
(343, 742),
(344, 743),
(345, 744),
(346, 745),
(347, 746),
(348, 747),
(349, 748),
(350, 749),
(351, 750),
(352, 751),
(353, 752),
(354, 753),
(356, 754),
(357, 755),
(358, 756),
(359, 757),
(360, 758),
(361, 759),
(362, 760),
(363, 761),
(364, 762),
(365, 763),
(366, 764),
(367, 765),
(368, 766),
(369, 767),
(370, 768),
(371, 769),
(372, 770),
(373, 771),
(374, 772),
(375, 773),
(376, 774),
(377, 775),
(379, 776),
(380, 777),
(381, 778),
(382, 779),
(383, 780),
(384, 781),
(385, 782),
(386, 783),
(387, 784),
(388, 785),
(389, 786),
(390, 787),
(391, 788),
(392, 789),
(393, 790),
(394, 791),
(395, 792),
(396, 793),
(397, 794),
(398, 795),
(399, 796),
(400, 797),
(401, 798),
(402, 799),
(403, 800),
(404, 801),
(405, 802),
(406, 803),
(407, 804),
(408, 805),
(409, 806),
(411, 807),
(412, 808),
(413, 809),
(414, 810),
(415, 811),
(416, 812),
(417, 813),
(418, 814),
(419, 815),
(420, 816),
(421, 817),
(422, 818),
(423, 819),
(424, 820),
(425, 821),
(426, 822),
(427, 823),
(428, 824),
(429, 825),
(430, 826),
(431, 827),
(432, 828),
(434, 829),
(435, 830),
(436, 831),
(437, 832),
(438, 833),
(439, 834),
(440, 835),
(441, 836),
(442, 837),
(443, 838),
(444, 839),
(445, 840),
(446, 841),
(447, 842),
(448, 843),
(449, 844),
(450, 845),
(451, 846),
(452, 847),
(453, 848),
(454, 849),
(455, 850),
(456, 851),
(457, 852),
(458, 853),
(459, 854),
(460, 855),
(461, 856),
(462, 857),
(463, 858),
(464, 859),
(466, 860),
(467, 861),
(468, 862),
(469, 863),
(470, 864),
(471, 865),
(472, 866),
(473, 867),
(474, 868),
(475, 712),
(476, 713),
(477, 714),
(478, 715),
(479, 716),
(480, 717),
(481, 718),
(482, 719),
(483, 720),
(484, 721),
(485, 722),
(486, 723),
(487, 724),
(488, 725),
(489, 726);



